<workflow-app xmlns='uri:oozie:workflow:0.5' name="${workflowName}">
    <!-- Set global parameters for the queue and accessing logs-->
    <global>
            <job-tracker>${jobTracker}</job-tracker>
            <name-node>${nameNode}</name-node>
            <configuration>
                  <property>
                    <name>mapred.job.queue.name</name>
                    <value>${queueName}</value>
                 </property>
                <property>
                   <name>mapreduce.job.acl-modify-job</name>
                   <value>${headless_id}</value>
                </property>
                <property>
                   <name>mapreduce.job.acl-view-job</name>
                   <value>${headless_id}</value>
                </property>
                <property>
                   <name>oozie.launcher.mapreduce.job.acl-modify-job</name>
                   <value>${headless_id}</value>
                </property>
                <property>
                   <name>oozie.launcher.mapreduce.job.acl-view-job</name>
                   <value>${headless_id}</value>
                </property>
            </configuration>
    </global>

    <start to='shellGetDate' />

    <action name='shellGetDate'>
        <shell xmlns="uri:oozie:shell-action:0.3">
          <exec>${GET_DATE_PROCESS}</exec>
          <file>${GET_DATE_PROCESS}</file>
          <capture-output />
        </shell>
        <ok to='select_model_params' />
        <error to='load_error' />
    </action>  

    <!-- shell action to retrieve model params -->
    <action name="select_model_params">
      <shell xmlns="uri:oozie:shell-action:0.3">
            <exec>${PYTHON_WRAPPER}</exec>
              <argument>--sql_script=${SEL_MODEL_PARAMS_SQL_SCRIPT}</argument>
              <argument>--external_project=${external_project}</argument>
              <argument>--db_models_meta=${db_models_meta}</argument>
              <argument>--score_model_id=${score_model_id}</argument>
            <file>${PYTHON_WRAPPER}</file>
            <capture-output />
      </shell>
      <ok to="spark-node" />
      <error to="load_error" />
    </action>
	
    <action name='spark-node'>
      <spark xmlns="uri:oozie:spark-action:0.2">
        <master>${master}</master>
        <mode>${mode}</mode>
        <name>spark-pyspark</name>
        <jar>${spark_job_location}</jar>
        <spark-opts>
          --queue ${wf:actionData('select_model_params')['queue_name']}
          --executor-memory ${wf:actionData('select_model_params')['executor_memory']}
          --executor-cores ${wf:actionData('select_model_params')['executor_cores']}
          --driver-memory ${wf:actionData('select_model_params')['driver_memory']}
          --conf "spark.ui.view.acls=${wf:actionData('select_model_params')['headless_id']}"
          --driver-cores ${driver_cores}
          --conf "spark.dynamicAllocation.enabled=${wf:actionData('select_model_params')['spark_dynamic_alloc_enabled']}"
          --conf "spark.dynamicAllocation.minExecutors=${wf:actionData('select_model_params')['spark_dynamic_minExec']}"
          --conf "spark.dynamicAllocation.maxExecutors=${wf:actionData('select_model_params')['spark_dynamic_maxExec']}"
          --conf "spark.executor.instances=${wf:actionData('select_model_params')['spark_executor_instances']}" 
          --conf "spark.sql.execution.arrow.enabled=${wf:actionData('select_model_params')['spark_arrow_enabled']}" 
          --conf "spark.kryoserializer.buffer.max=${wf:actionData('select_model_params')['spark_kryoserializer_buffer_max']}" 
          --conf "spark.driver.maxResultSize=${wf:actionData('select_model_params')['spark_driver_maxResultSize']}"
          --conf "spark.yarn.maxAppAttempts=${wf:actionData('select_model_params')['spark_yarn_maxAppAttempts']}"
          --conf "spark.executor.memoryOverhead=${wf:actionData('select_model_params')['spark_executor_memoryOverhead']}"
          --conf "spark.oath.dockerImage=${wf:actionData('select_model_params')['docker_image']}"
          --conf "spark.rpc.message.maxSize=1024"  
          --conf "spark.sql.broadcastTimeout=36000"  
          --conf "spark.sql.autoBroadcastJoinThreshold=-1"  
          --conf "spark.sql.legacy.timeParserPolicy=LEGACY"  
          --conf "spark.executorEnv.YARN_CONTAINER_RUNTIME_TYPE=docker"
          --conf "spark.executorEnv.YARN_CONTAINER_RUNTIME_DOCKER_IMAGE=${docker_image}"
          --conf "spark.executorEnv.YARN_CONTAINER_RUNTIME_DOCKER_MOUNTS=/usr/lib/hadoop:/usr/lib/hadoop:ro,/usr/lib/spark:/usr/lib/spark:ro,/etc/passwd:/etc/passwd:ro,/etc/group:/etc/group:ro,/usr/local/share/google/dataproc/lib:/usr/local/share/google/dataproc/lib:ro"
          --conf "spark.yarn.appMasterEnv.YARN_CONTAINER_RUNTIME_TYPE=docker"
          --conf "spark.yarn.appMasterEnv.YARN_CONTAINER_RUNTIME_DOCKER_IMAGE=${docker_image}"
          --conf "spark.yarn.appMasterEnv.YARN_CONTAINER_RUNTIME_DOCKER_MOUNTS=/usr/lib/hadoop:/usr/lib/hadoop:ro,/usr/lib/spark:/usr/lib/spark:ro,/etc/passwd:/etc/passwd:ro,/etc/group:/etc/group:ro,/usr/local/share/google/dataproc/lib:/usr/local/share/google/dataproc/lib:ro"
          --conf "spark.driver.extraJavaOptions=\"-Duser.name=dataproc -DHADOOP_USER_NAME=dataproc\""
          --conf "spark.submit.deployMode=cluster"      
        </spark-opts>
        <arg>--data_project</arg>
        <arg>${data_project}</arg>
        <arg>--db_output_data</arg>
        <arg>${db_output_data}</arg>
        <arg>--run_date</arg>
        <arg>${run_date}</arg>
        <arg>--restart_loop_script_path</arg>
        <arg>${RESTART_LOOP_SQL_SCRIPT}</arg>
        <arg>--gen_sql_v2_script_path</arg>
        <arg>${GEN_SQL_V2_SQL_SCRIPT}</arg>
        <arg>--bump_by_1_script_path</arg>
        <arg>${BUMP_BY_1_SQL_SCRIPT}</arg>
        <arg>--tmp_bucket</arg>
        <arg>${tmp_bucket}</arg>
      </spark>
      <ok to="notify_success" />
      <error to="load_error" />
    </action>
    
    <!-- Email action to notify successful completion of workflow -->
    <action name="notify_success">
        <email xmlns="uri:oozie:email-action:0.1">
            <to>${mailingList}</to>
            <subject>${email_subject_success}</subject>
            <body>
                Platform                          : ${clusterEnv}
                Application                       : ${appName}
                Workflow ID                       : ${wf:id()}
                Workflow name                     : ${wf:name()}
                Workflow user id                  : ${wf:user()}
                COMPLETED successfully
            </body>
        </email>
        <ok    to="end"/>
        <error to="load_error"/>
    </action>

    <!-- if run fails load the details into ds_error table -->

  <action name="load_error" >
	 <shell xmlns="uri:oozie:shell-action:0.3">
		<!-- <job-tracker>${jobTracker}</job-tracker>
		<name-node>${nameNode}</name-node> -->
    <exec>${PYTHON_WRAPPER}</exec>
      <argument>--sql_script=${insert_ds_error_SQL_SCRIPT}</argument>
      <argument>--data_project=${data_project}</argument>
      <argument>--wf_id=${wf:id()}</argument>
      <argument>--wf_name=${wf:name()}</argument>
      <argument>--wf_user=${wf:user()}</argument>
      <argument>--wf_group=${wf:group()}</argument>
      <argument>--model_name=${appName}</argument>
      <argument>--env=${clusterEnv}</argument>
      <argument>--date=${wf:actionData('shellGetDate')['CURR_DATE']}</argument>
      <argument>--start_time=${wf:actionData('shellGetDate')['START_TS']}</argument>
      <argument>--last_err_node=${wf:lastErrorNode()}</argument>
      <argument>--err_code=${wf:errorCode(wf:lastErrorNode())}</argument>
      <argument>--err_msg=${wf:errorMessage(wf:lastErrorNode())}</argument>
      <argument>--comments=This workflow failed</argument>
      <argument>--db_models_meta=${db_models_meta}</argument>
      <file>${PYTHON_WRAPPER}</file>
	</shell>
	<ok to='sub_workflow_to_model_mgmt_frameworks_failure_route' />
	<error to='notify_failure' />
    </action>

    <action name="sub_workflow_to_model_mgmt_frameworks_failure_route">
        <sub-workflow>
            <app-path>${ds_model_mgmt_hdfs_proj}/ds_model_management_oozie_workflow.xml</app-path>
            <propagate-configuration/>
        </sub-workflow>
        <ok to="notify_failure"/>
        <error to="notify_failure" />
    </action>

    <!-- Email action to notify failure of workflow    -->
    <action name="notify_failure">
        <email xmlns="uri:oozie:email-action:0.1">
            <to>${mailingList}</to>
            <subject>${email_subject_fail}</subject>
			<body>
				Platform                          : ${clusterEnv}
				Application                       : ${appName}                
				Workflow ID                       : ${wf:id()}
				Workflow name                     : ${wf:name()}                
				Workflow user id                  : ${wf:user()}
                                Workflow URL : ${oozie_url}/?job=${wf:id()}
                                Action Node : ${wf:lastErrorNode()}
                                Action ID : ${wf:actionExternalId(wf:lastErrorNode())}
                                Error Code : ${wf:errorCode(wf:lastErrorNode())}
                                Error Message : ${wf:errorMessage(wf:lastErrorNode())}
				Workflow failed, errormessage[${wf:errorMessage(wf:lastErrorNode())}]
			</body>
        </email>
        <ok    to="fail"/>
        <error to="fail"/>
    </action>

    <kill name="fail">
      <message>Workflow failed, error
        message[${wf:errorMessage(wf:lastErrorNode())}]
      </message>
    </kill>

    <end name='end' />

</workflow-app>
