<coordinator-app name="${coordinatorName}"
                 frequency="${job_freq}"
                 start='${startTime}'
                 end='${endTime}'
                 timezone='${timeZone}'
                 xmlns="uri:oozie:coordinator:0.2">
    <controls>
        <timeout>${timeOut}</timeout>
        <concurrency>1</concurrency>
        <execution>FIFO</execution>
        <throttle>1</throttle>
    </controls>
    <datasets>
        <dataset name="load_base_table" frequency="2" initial-instance='${startTime}' timezone='${timeZone}'>
            <uri-template>${gcs_root}/${YEAR}-${MONTH}-${DAY}</uri-template>
            <done-flag>load_base_table.DONE</done-flag>
         </dataset>
    </datasets>
    <input-events>
     <data-in name="Hour_Input" dataset="load_base_table">
          <instance>${coord:offset(0,"DAY")}</instance>
        </data-in>
    </input-events>

    <action>
        <workflow>
            <app-path>${workflowRoot}/${workflow_file}</app-path>
             <configuration>
               <property>
                 <name>run_date</name>
                 <value>'${coord:formatTime(coord:dateOffset(coord:nominalTime(), -1, 'DAY'), "yyyy-MM-dd")}'</value>
               </property>
             </configuration>
        </workflow>
    </action>
</coordinator-app>
